"FullName","Extension","Length","SizeMiB","LastWriteTime"
"D:\UE\5.7.4r\Engine\Intermediate\Build\Win64\x64\UnrealEditor\Development\Core\SharedPCH.Core.Cpp20.cpp",".cpp","60","0","2026-07-04 13:08:49"
"D:\UE\5.7.4r\Engine\Intermediate\Build\Win64\x64\UnrealEditor\Development\Core\SharedPCH.Core.Cpp20.h",".h","266","0","2026-07-04 13:08:49"
"D:\UE\5.7.4r\Engine\Intermediate\Build\Win64\x64\UnrealEditor\Development\Core\SharedPCH.Core.Cpp20.h.dep.json",".json","70223","0.07","2026-07-04 13:12:49"
"D:\UE\5.7.4r\Engine\Intermediate\Build\Win64\x64\UnrealEditor\Development\Core\SharedPCH.Core.Cpp20.h.obj",".obj","8742086","8.34","2026-07-04 13:12:50"
"D:\UE\5.7.4r\Engine\Intermediate\Build\Win64\x64\UnrealEditor\Development\Core\SharedPCH.Core.Cpp20.h.obj.rsp",".rsp","1876","0","2026-07-04 13:08:49"
"D:\UE\5.7.4r\Engine\Intermediate\Build\Win64\x64\UnrealEditor\Development\Core\SharedPCH.Core.Cpp20.h.pch",".pch","406388736","387.56","2026-07-04 13:12:49"
"D:\UE\5.7.4r\Engine\Intermediate\Build\Win64\x64\UnrealEditor\Development\Core\SharedPCH.Core.Cpp20.h.sarif",".sarif","572","0","2026-07-04 13:12:50"
"D:\UE\5.7.4r\Engine\Intermediate\Build\Win64\x64\UnrealEditor\Development\Core\SharedPCH.Core.RTTI.Cpp20.cpp",".cpp","65","0","2026-07-04 13:08:49"
"D:\UE\5.7.4r\Engine\Intermediate\Build\Win64\x64\UnrealEditor\Development\Core\SharedPCH.Core.RTTI.Cpp20.h",".h","271","0","2026-07-04 13:08:49"
"D:\UE\5.7.4r\Engine\Intermediate\Build\Win64\x64\UnrealEditor\Development\Core\SharedPCH.Core.RTTI.Cpp20.h.dep.json",".json","70238","0.07","2026-07-04 13:12:50"
"D:\UE\5.7.4r\Engine\Intermediate\Build\Win64\x64\UnrealEditor\Development\Core\SharedPCH.Core.RTTI.Cpp20.h.obj",".obj","8742139","8.34","2026-07-04 13:12:50"
"D:\UE\5.7.4r\Engine\Intermediate\Build\Win64\x64\UnrealEditor\Development\Core\SharedPCH.Core.RTTI.Cpp20.h.obj.rsp",".rsp","1905","0","2026-07-04 13:08:49"
"D:\UE\5.7.4r\Engine\Intermediate\Build\Win64\x64\UnrealEditor\Development\Core\SharedPCH.Core.RTTI.Cpp20.h.pch",".pch","407044096","388.19","2026-07-04 13:12:50"
"D:\UE\5.7.4r\Engine\Intermediate\Build\Win64\x64\UnrealEditor\Development\Core\SharedPCH.Core.RTTI.Cpp20.h.sarif",".sarif","572","0","2026-07-04 13:12:50"
"D:\UE\5.7.4r\Engine\Intermediate\Build\Win64\x64\UnrealEditor\Development\CoreUObject\SharedPCH.CoreUObject.Cpp20.cpp",".cpp","67","0","2026-07-04 13:08:49"
"D:\UE\5.7.4r\Engine\Intermediate\Build\Win64\x64\UnrealEditor\Development\CoreUObject\SharedPCH.CoreUObject.Cpp20.h",".h","287","0","2026-07-04 13:08:49"
"D:\UE\5.7.4r\Engine\Intermediate\Build\Win64\x64\UnrealEditor\Development\CoreUObject\SharedPCH.CoreUObject.Cpp20.h.dep.json",".json","85634","0.08","2026-07-04 13:12:53"
"D:\UE\5.7.4r\Engine\Intermediate\Build\Win64\x64\UnrealEditor\Development\CoreUObject\SharedPCH.CoreUObject.Cpp20.h.obj",".obj","13849974","13.21","2026-07-04 13:12:55"
"D:\UE\5.7.4r\Engine\Intermediate\Build\Win64\x64\UnrealEditor\Development\CoreUObject\SharedPCH.CoreUObject.Cpp20.h.obj.rsp",".rsp","2239","0","2026-07-04 13:08:49"
"D:\UE\5.7.4r\Engine\Intermediate\Build\Win64\x64\UnrealEditor\Development\CoreUObject\SharedPCH.CoreUObject.Cpp20.h.pch",".pch","557449216","531.62","2026-07-04 13:12:53"
"D:\UE\5.7.4r\Engine\Intermediate\Build\Win64\x64\UnrealEditor\Development\CoreUObject\SharedPCH.CoreUObject.Cpp20.h.sarif",".sarif","572","0","2026-07-04 13:12:53"
"D:\UE\5.7.4r\Engine\Intermediate\Build\Win64\x64\UnrealEditor\Development\CoreUObject\SharedPCH.CoreUObject.RTTI.Cpp20.cpp",".cpp","72","0","2026-07-04 13:08:49"
"D:\UE\5.7.4r\Engine\Intermediate\Build\Win64\x64\UnrealEditor\Development\CoreUObject\SharedPCH.CoreUObject.RTTI.Cpp20.h",".h","292","0","2026-07-04 13:08:49"
"D:\UE\5.7.4r\Engine\Intermediate\Build\Win64\x64\UnrealEditor\Development\CoreUObject\SharedPCH.CoreUObject.RTTI.Cpp20.h.obj.rsp",".rsp","2268","0","2026-07-04 13:08:49"
"D:\UE\5.7.4r\Engine\Intermediate\Build\Win64\x64\UnrealEditor\Development\Engine\SharedPCH.Engine.Cpp20.cpp",".cpp","62","0","2026-07-04 13:08:49"
"D:\UE\5.7.4r\Engine\Intermediate\Build\Win64\x64\UnrealEditor\Development\Engine\SharedPCH.Engine.Cpp20.h",".h","272","0","2026-07-04 13:08:49"
"D:\UE\5.7.4r\Engine\Intermediate\Build\Win64\x64\UnrealEditor\Development\Engine\SharedPCH.Engine.Cpp20.h.dep.json",".json","224630","0.21","2026-07-04 13:13:27"
"D:\UE\5.7.4r\Engine\Intermediate\Build\Win64\x64\UnrealEditor\Development\Engine\SharedPCH.Engine.Cpp20.h.obj",".obj","65540501","62.5","2026-07-04 13:13:34"
"D:\UE\5.7.4r\Engine\Intermediate\Build\Win64\x64\UnrealEditor\Development\Engine\SharedPCH.Engine.Cpp20.h.obj.rsp",".rsp","16721","0.02","2026-07-04 13:08:49"
"D:\UE\5.7.4r\Engine\Intermediate\Build\Win64\x64\UnrealEditor\Development\Engine\SharedPCH.Engine.Cpp20.h.pch",".pch","2263351272","2158.5","2026-07-04 13:13:27"
"D:\UE\5.7.4r\Engine\Intermediate\Build\Win64\x64\UnrealEditor\Development\Engine\SharedPCH.Engine.Cpp20.h.sarif",".sarif","572","0","2026-07-04 13:13:28"
"D:\UE\5.7.4r\Engine\Intermediate\Build\Win64\x64\UnrealEditor\Development\Engine\SharedPCH.Engine.RTTI.Cpp20.cpp",".cpp","67","0","2026-07-04 13:08:49"
"D:\UE\5.7.4r\Engine\Intermediate\Build\Win64\x64\UnrealEditor\Development\Engine\SharedPCH.Engine.RTTI.Cpp20.h",".h","277","0","2026-07-04 13:08:49"
"D:\UE\5.7.4r\Engine\Intermediate\Build\Win64\x64\UnrealEditor\Development\Engine\SharedPCH.Engine.RTTI.Cpp20.h.obj.rsp",".rsp","16750","0.02","2026-07-04 13:08:49"
"D:\UE\5.7.4r\Engine\Intermediate\Build\Win64\x64\UnrealEditor\Development\Slate\SharedPCH.Slate.Cpp20.cpp",".cpp","61","0","2026-07-04 13:08:49"
"D:\UE\5.7.4r\Engine\Intermediate\Build\Win64\x64\UnrealEditor\Development\Slate\SharedPCH.Slate.Cpp20.h",".h","269","0","2026-07-04 13:08:49"
"D:\UE\5.7.4r\Engine\Intermediate\Build\Win64\x64\UnrealEditor\Development\Slate\SharedPCH.Slate.Cpp20.h.dep.json",".json","112755","0.11","2026-07-04 13:13:00"
"D:\UE\5.7.4r\Engine\Intermediate\Build\Win64\x64\UnrealEditor\Development\Slate\SharedPCH.Slate.Cpp20.h.obj",".obj","22764561","21.71","2026-07-04 13:13:02"
"D:\UE\5.7.4r\Engine\Intermediate\Build\Win64\x64\UnrealEditor\Development\Slate\SharedPCH.Slate.Cpp20.h.obj.rsp",".rsp","2986","0","2026-07-04 13:08:49"
"D:\UE\5.7.4r\Engine\Intermediate\Build\Win64\x64\UnrealEditor\Development\Slate\SharedPCH.Slate.Cpp20.h.pch",".pch","909377440","867.25","2026-07-04 13:13:00"
"D:\UE\5.7.4r\Engine\Intermediate\Build\Win64\x64\UnrealEditor\Development\Slate\SharedPCH.Slate.Cpp20.h.sarif",".sarif","572","0","2026-07-04 13:13:00"
"D:\UE\5.7.4r\Engine\Intermediate\Build\Win64\x64\UnrealEditor\Development\UnrealEd\SharedPCH.UnrealEd.Cpp20.cpp",".cpp","64","0","2026-07-04 13:08:49"
"D:\UE\5.7.4r\Engine\Intermediate\Build\Win64\x64\UnrealEditor\Development\UnrealEd\SharedPCH.UnrealEd.Cpp20.h",".h","278","0","2026-07-04 13:08:49"
"D:\UE\5.7.4r\Engine\Intermediate\Build\Win64\x64\UnrealEditor\Development\UnrealEd\SharedPCH.UnrealEd.Cpp20.h.dep.json",".json","239207","0.23","2026-07-04 13:13:29"
"D:\UE\5.7.4r\Engine\Intermediate\Build\Win64\x64\UnrealEditor\Development\UnrealEd\SharedPCH.UnrealEd.Cpp20.h.obj",".obj","71067219","67.77","2026-07-04 13:13:38"
"D:\UE\5.7.4r\Engine\Intermediate\Build\Win64\x64\UnrealEditor\Development\UnrealEd\SharedPCH.UnrealEd.Cpp20.h.obj.rsp",".rsp","16743","0.02","2026-07-04 13:08:49"
"D:\UE\5.7.4r\Engine\Intermediate\Build\Win64\x64\UnrealEditor\Development\UnrealEd\SharedPCH.UnrealEd.Cpp20.h.pch",".pch","2415983440","2304.06","2026-07-04 13:13:29"
"D:\UE\5.7.4r\Engine\Intermediate\Build\Win64\x64\UnrealEditor\Development\UnrealEd\SharedPCH.UnrealEd.Cpp20.h.sarif",".sarif","572","0","2026-07-04 13:13:30"
"D:\UE\5.7.4r\Engine\Intermediate\Build\Win64\x64\UnrealEditor\Development\UnrealEd\SharedPCH.UnrealEd.RTTI.Cpp20.cpp",".cpp","69","0","2026-07-04 13:08:49"
"D:\UE\5.7.4r\Engine\Intermediate\Build\Win64\x64\UnrealEditor\Development\UnrealEd\SharedPCH.UnrealEd.RTTI.Cpp20.h",".h","283","0","2026-07-04 13:08:49"
"D:\UE\5.7.4r\Engine\Intermediate\Build\Win64\x64\UnrealEditor\Development\UnrealEd\SharedPCH.UnrealEd.RTTI.Cpp20.h.dep.json",".json","239222","0.23","2026-07-04 13:13:30"
"D:\UE\5.7.4r\Engine\Intermediate\Build\Win64\x64\UnrealEditor\Development\UnrealEd\SharedPCH.UnrealEd.RTTI.Cpp20.h.obj",".obj","71067272","67.78","2026-07-04 13:13:38"
"D:\UE\5.7.4r\Engine\Intermediate\Build\Win64\x64\UnrealEditor\Development\UnrealEd\SharedPCH.UnrealEd.RTTI.Cpp20.h.obj.rsp",".rsp","16772","0.02","2026-07-04 13:08:49"
"D:\UE\5.7.4r\Engine\Intermediate\Build\Win64\x64\UnrealEditor\Development\UnrealEd\SharedPCH.UnrealEd.RTTI.Cpp20.h.pch",".pch","2419520216","2307.43","2026-07-04 13:13:30"
"D:\UE\5.7.4r\Engine\Intermediate\Build\Win64\x64\UnrealEditor\Development\UnrealEd\SharedPCH.UnrealEd.RTTI.Cpp20.h.sarif",".sarif","572","0","2026-07-04 13:13:31"
